generation	population_size	num_mutations	nucleotide_diversity	theta_watterson	beneficial_freq
0	10000	1	0.0	0.000102	0.0
1	10000	1	1e-06	0.000102	0.0
2	10000	1	0.0	0.000102	0.0
3	10000	1	1e-06	0.000102	0.0
4	10000	1	2e-06	0.000102	0.0
5	10000	1	1e-06	0.000102	0.0
6	10000	1	0.0	0.000102	0.0
7	10000	0	0.0	0.0	0.0
8	10000	0	0.0	0.0	0.0
9	10000	0	0.0	0.0	0.0
10	10000	0	0.0	0.0	0.0
11	10000	0	0.0	0.0	0.0
12	10000	0	0.0	0.0	0.0
13	10000	0	0.0	0.0	0.0
14	10000	0	0.0	0.0	0.0
15	10000	0	0.0	0.0	0.0
16	10000	0	0.0	0.0	0.0
17	10000	1	0.0	0.000102	0.0
18	10000	1	0.0	0.000102	0.0
19	10000	1	0.0	0.000102	0.0
20	10000	2	1e-06	0.000204	0.0
21	10000	2	1e-06	0.000204	0.0
22	10000	2	2e-06	0.000204	0.0
23	10000	3	3e-06	0.000307	0.0
24	10000	4	2e-06	0.000409	0.0
25	10000	4	3e-06	0.000409	0.0
26	10000	4	2e-06	0.000409	0.0
27	10000	2	2e-06	0.000204	0.0
28	10000	2	3e-06	0.000204	0.0
29	10000	3	2e-06	0.000307	0.0
30	10000	3	2e-06	0.000307	0.0
31	10000	3	2e-06	0.000307	0.0
32	10000	3	4e-06	0.000307	0.0
33	10000	3	4e-06	0.000307	0.0
34	10000	3	5e-06	0.000307	0.0
35	10000	3	7e-06	0.000307	0.0
36	10000	3	1e-05	0.000307	0.0
37	10000	3	1e-05	0.000307	0.0
38	10000	6	8e-06	0.000613	0.0
39	10000	3	8e-06	0.000307	0.0
40	10000	4	1e-05	0.000409	0.0
41	10000	4	1.2e-05	0.000409	0.0
42	10000	4	1e-05	0.000409	0.0
43	10000	4	1.1e-05	0.000409	0.0
44	10000	4	1.2e-05	0.000409	0.0
45	10000	4	1.2e-05	0.000409	0.0
46	10000	4	1.1e-05	0.000409	0.0
47	10000	4	1.3e-05	0.000409	0.0
48	10000	4	1.5e-05	0.000409	0.0
49	10000	4	1.9e-05	0.000409	0.0
50	10000	4	1.9e-05	0.000409	0.0
51	10000	3	1.7e-05	0.000307	0.0
52	10000	4	2.1e-05	0.000409	0.0
53	10000	4	2.5e-05	0.000409	0.0
54	10000	4	2.4e-05	0.000409	0.0
55	10000	3	2.4e-05	0.000307	0.0
56	10000	3	2.5e-05	0.000307	0.0
57	10000	3	2.4e-05	0.000307	0.0
58	10000	3	2.6e-05	0.000307	0.0
59	10000	3	2.5e-05	0.000307	0.0
60	10000	3	2.5e-05	0.000307	0.0
61	10000	3	2.6e-05	0.000307	0.0
62	10000	3	2.8e-05	0.000307	0.0
63	10000	3	3e-05	0.000307	0.0
64	10000	3	3e-05	0.000307	0.0
65	10000	3	2.8e-05	0.000307	0.0
66	10000	3	3.1e-05	0.000307	0.0
67	10000	3	3.1e-05	0.000307	0.0
68	10000	3	3.3e-05	0.000307	0.0
69	10000	3	3.5e-05	0.000307	0.0
70	10000	4	3.4e-05	0.000409	0.0
71	10000	4	2.7e-05	0.000409	0.0
72	10000	3	2.4e-05	0.000307	0.0
73	10000	3	2.3e-05	0.000307	0.0
74	10000	3	2.6e-05	0.000307	0.0
75	10000	3	2.7e-05	0.000307	0.0
76	10000	3	3.3e-05	0.000307	0.0
77	10000	4	3.4e-05	0.000409	0.0
78	10000	4	3.3e-05	0.000409	0.0
79	10000	4	3e-05	0.000409	0.0
80	10000	4	2.8e-05	0.000409	0.0
81	10000	4	2.5e-05	0.000409	0.0
82	10000	4	2.7e-05	0.000409	0.0
83	10000	4	3.3e-05	0.000409	0.0
84	10000	4	3.1e-05	0.000409	0.0
85	10000	4	3e-05	0.000409	0.0
86	10000	3	3.1e-05	0.000307	0.0
87	10000	3	3.2e-05	0.000307	0.0
88	10000	4	2.9e-05	0.000409	0.0
89	10000	4	2.9e-05	0.000409	0.0
90	10000	4	3.1e-05	0.000409	0.0
91	10000	5	3.2e-05	0.000511	0.0
92	10000	4	3.2e-05	0.000409	0.0
93	10000	4	3.6e-05	0.000409	0.0
94	10000	3	3.8e-05	0.000307	0.0
95	10000	3	4.2e-05	0.000307	0.0
96	10000	3	3.9e-05	0.000307	0.0
97	10000	3	3.9e-05	0.000307	0.0
98	10000	3	3.9e-05	0.000307	0.0
99	10000	3	3.6e-05	0.000307	0.0
100	10000	3	3.4e-05	0.000307	0.0
101	10000	3	3.5e-05	0.000307	0.0
102	10000	3	3.4e-05	0.000307	0.0
103	10000	3	3.6e-05	0.000307	0.0
104	10000	3	3.4e-05	0.000307	0.0
105	10000	3	3.8e-05	0.000307	0.0
106	10000	3	3.7e-05	0.000307	0.0
107	10000	3	4e-05	0.000307	0.0
108	10000	3	4e-05	0.000307	0.0
109	10000	3	4.1e-05	0.000307	0.0
110	10000	3	3.8e-05	0.000307	0.0
111	10000	3	3.9e-05	0.000307	0.0
112	10000	3	4.3e-05	0.000307	0.0
113	10000	4	4e-05	0.000409	0.0
114	10000	3	4.1e-05	0.000307	0.0
115	10000	3	4.1e-05	0.000307	0.0
116	10000	3	3.9e-05	0.000307	0.0
117	10000	3	3.6e-05	0.000307	0.0
118	10000	3	3.7e-05	0.000307	0.0
119	10000	4	3.6e-05	0.000409	0.0
120	10000	4	4.2e-05	0.000409	0.0
121	10000	4	4.2e-05	0.000409	0.0
122	10000	3	4.1e-05	0.000307	0.0
123	10000	3	4.2e-05	0.000307	0.0
124	10000	3	4.4e-05	0.000307	0.0
125	10000	3	4.1e-05	0.000307	0.0
126	10000	3	4.1e-05	0.000307	0.0
127	10000	3	4.4e-05	0.000307	0.0
128	10000	4	4.4e-05	0.000409	0.0
129	10000	4	4.1e-05	0.000409	0.0
130	10000	4	3.8e-05	0.000409	0.0
131	10000	4	3.6e-05	0.000409	0.0
132	10000	4	3.9e-05	0.000409	0.0
133	10000	4	4.3e-05	0.000409	0.0
134	10000	4	4.1e-05	0.000409	0.0
135	10000	4	3.9e-05	0.000409	0.0
136	10000	4	3.9e-05	0.000409	0.0
137	10000	4	3.9e-05	0.000409	0.0
138	10000	4	4.1e-05	0.000409	0.0
139	10000	4	4.1e-05	0.000409	0.0
140	10000	4	4.3e-05	0.000409	0.0
141	10000	4	4e-05	0.000409	0.0
142	10000	4	4.4e-05	0.000409	0.0
143	10000	4	4.6e-05	0.000409	0.0
144	10000	4	4.7e-05	0.000409	0.0
145	10000	4	4.3e-05	0.000409	0.0
146	10000	4	4.4e-05	0.000409	0.0
147	10000	4	4.6e-05	0.000409	0.0
148	10000	5	4.7e-05	0.000511	0.0
149	10000	4	4.9e-05	0.000409	0.0
150	10000	4	5.5e-05	0.000409	0.0
151	10000	4	5.6e-05	0.000409	0.0
152	10000	4	5.8e-05	0.000409	0.0
153	10000	3	5.6e-05	0.000307	0.0
154	10000	3	6e-05	0.000307	0.0
155	10000	3	5.8e-05	0.000307	0.0
156	10000	3	5.4e-05	0.000307	0.0
157	10000	3	5.5e-05	0.000307	0.0
158	10000	3	5.6e-05	0.000307	0.0
159	10000	3	5.1e-05	0.000307	0.0
160	10000	3	5.1e-05	0.000307	0.0
161	10000	3	5e-05	0.000307	0.0
162	10000	3	5e-05	0.000307	0.0
163	10000	3	5e-05	0.000307	0.0
164	10000	3	5.2e-05	0.000307	0.0
165	10000	2	4.7e-05	0.000204	0.0
166	10000	2	5e-05	0.000204	0.0
167	10000	2	5.3e-05	0.000204	0.0
168	10000	2	4.6e-05	0.000204	0.0
169	10000	2	4.7e-05	0.000204	0.0
170	10000	2	4.6e-05	0.000204	0.0
171	10000	2	4.5e-05	0.000204	0.0
172	10000	2	4.4e-05	0.000204	0.0
173	10000	2	4.9e-05	0.000204	0.0
174	10000	2	4.8e-05	0.000204	0.0
175	10000	2	5.3e-05	0.000204	0.0
176	10000	2	4.7e-05	0.000204	0.0
177	10000	3	4.6e-05	0.000307	0.0
178	10000	2	4.6e-05	0.000204	0.0
179	10000	2	4.5e-05	0.000204	0.0
180	10000	2	4.4e-05	0.000204	0.0
181	10000	2	4.3e-05	0.000204	0.0
182	10000	2	4e-05	0.000204	0.0
183	10000	2	4.4e-05	0.000204	0.0
184	10000	2	4.6e-05	0.000204	0.0
185	10000	2	4.5e-05	0.000204	0.0
186	10000	2	4.6e-05	0.000204	0.0
187	10000	2	4.3e-05	0.000204	0.0
188	10000	2	4.6e-05	0.000204	0.0
189	10000	2	5.2e-05	0.000204	0.0
190	10000	2	5.2e-05	0.000204	0.0
191	10000	3	5.1e-05	0.000307	0.0
192	10000	3	5e-05	0.000307	0.0
193	10000	3	5.1e-05	0.000307	0.0
194	10000	3	4.9e-05	0.000307	0.0
195	10000	2	4.9e-05	0.000204	0.0
196	10000	2	4.8e-05	0.000204	0.0
197	10000	2	4.9e-05	0.000204	0.0
198	10000	2	4.8e-05	0.000204	0.0
199	10000	2	4.6e-05	0.000204	0.0
200	10000	2	4.6e-05	0.000204	0.0
201	10000	2	5e-05	0.000204	0.0
202	10000	2	4.9e-05	0.000204	0.0
203	10000	3	4.7e-05	0.000307	0.0
204	10000	4	4.6e-05	0.000409	0.0
205	10000	4	4.4e-05	0.000409	0.0
206	10000	4	4.5e-05	0.000409	0.0
207	10000	4	4.9e-05	0.000409	0.0
208	10000	2	4.6e-05	0.000204	0.0
209	10000	2	4.2e-05	0.000204	0.0
210	10000	2	4.3e-05	0.000204	0.0
211	10000	2	4e-05	0.000204	0.0
212	10000	2	4.6e-05	0.000204	0.0
213	10000	2	4.7e-05	0.000204	0.0
214	10000	2	5.3e-05	0.000204	0.0
215	10000	2	5.1e-05	0.000204	0.0
216	10000	2	5e-05	0.000204	0.0
217	10000	2	5e-05	0.000204	0.0
218	10000	2	4.8e-05	0.000204	0.0
219	10000	2	4.1e-05	0.000204	0.0
220	10000	2	4.3e-05	0.000204	0.0
221	10000	2	4.1e-05	0.000204	0.0
222	10000	2	4.7e-05	0.000204	0.0
223	10000	2	5e-05	0.000204	0.0
224	10000	2	5.1e-05	0.000204	0.0
225	10000	2	5.3e-05	0.000204	0.0
226	10000	2	5.3e-05	0.000204	0.0
227	10000	3	4.5e-05	0.000307	0.0
228	10000	2	4.5e-05	0.000204	0.0
229	10000	2	4.5e-05	0.000204	0.0
230	10000	2	4.6e-05	0.000204	0.0
231	10000	2	4.4e-05	0.000204	0.0
232	10000	2	3.9e-05	0.000204	0.0
233	10000	2	3.8e-05	0.000204	0.0
234	10000	2	3.4e-05	0.000204	0.0
235	10000	2	3.9e-05	0.000204	0.0
236	10000	2	3.9e-05	0.000204	0.0
237	10000	2	3.8e-05	0.000204	0.0
238	10000	2	3.8e-05	0.000204	0.0
239	10000	3	3.8e-05	0.000307	0.0
240	10000	3	4.1e-05	0.000307	0.0
241	10000	3	4.4e-05	0.000307	0.0
242	10000	3	4.2e-05	0.000307	0.0
243	10000	3	4.5e-05	0.000307	0.0
244	10000	3	4.2e-05	0.000307	0.0
245	10000	2	4.2e-05	0.000204	0.0
246	10000	2	4.5e-05	0.000204	0.0
247	10000	2	4.6e-05	0.000204	0.0
248	10000	2	4.7e-05	0.000204	0.0
249	10000	3	4.5e-05	0.000307	0.0
250	10000	3	4.3e-05	0.000307	0.0
251	10000	2	4.4e-05	0.000204	0.0
252	10000	2	4.5e-05	0.000204	0.0
253	10000	2	4.6e-05	0.000204	0.0
254	10000	2	4.9e-05	0.000204	0.0
255	10000	2	4.9e-05	0.000204	0.0
256	10000	2	4.9e-05	0.000204	0.0
257	10000	2	4.9e-05	0.000204	0.0
258	10000	2	4.8e-05	0.000204	0.0
259	10000	2	4.5e-05	0.000204	0.0
260	10000	2	4.5e-05	0.000204	0.0
261	10000	2	4.3e-05	0.000204	0.0
262	10000	2	4e-05	0.000204	0.0
263	10000	2	4e-05	0.000204	0.0
264	10000	2	4.3e-05	0.000204	0.0
265	10000	2	4.5e-05	0.000204	0.0
266	10000	2	4.5e-05	0.000204	0.0
267	10000	2	4.3e-05	0.000204	0.0
268	10000	2	4.1e-05	0.000204	0.0
269	10000	2	3.9e-05	0.000204	0.0
270	10000	2	3.8e-05	0.000204	0.0
271	10000	2	4.1e-05	0.000204	0.0
272	10000	2	4e-05	0.000204	0.0
273	10000	2	4e-05	0.000204	0.0
274	10000	2	4.3e-05	0.000204	0.0
275	10000	2	4.6e-05	0.000204	0.0
276	10000	2	4.6e-05	0.000204	0.0
277	10000	3	4.8e-05	0.000307	0.0
278	10000	3	4.6e-05	0.000307	0.0
279	10000	3	4.7e-05	0.000307	0.0
280	10000	3	4.6e-05	0.000307	0.0
281	10000	3	4.3e-05	0.000307	0.0
282	10000	3	4e-05	0.000307	0.0
283	10000	3	3.7e-05	0.000307	0.0
284	10000	4	3.9e-05	0.000409	0.0
285	10000	3	4.2e-05	0.000307	0.0
286	10000	3	4.2e-05	0.000307	0.0
287	10000	3	3.8e-05	0.000307	0.0
288	10000	3	3.9e-05	0.000307	0.0
289	10000	3	3.3e-05	0.000307	0.0
290	10000	3	3.4e-05	0.000307	0.0
291	10000	3	3.2e-05	0.000307	0.0
292	10000	3	3.3e-05	0.000307	0.0
293	10000	3	3.3e-05	0.000307	0.0
294	10000	2	3.3e-05	0.000204	0.0
295	10000	2	3.6e-05	0.000204	0.0
296	10000	2	3.8e-05	0.000204	0.0
297	10000	2	3.5e-05	0.000204	0.0
298	10000	2	3.4e-05	0.000204	0.0
299	10000	2	3.6e-05	0.000204	0.0
300	10000	1	3.8e-05	0.000102	0.0
301	10000	1	3.7e-05	0.000102	0.0
302	10000	1	3.7e-05	0.000102	0.0
303	10000	1	3.6e-05	0.000102	0.0
304	10000	1	3.3e-05	0.000102	0.0
305	10000	1	3.2e-05	0.000102	0.0
306	10000	1	3.1e-05	0.000102	0.0
307	10000	1	2.7e-05	0.000102	0.0
308	10000	1	2.9e-05	0.000102	0.0
309	10000	1	2.8e-05	0.000102	0.0
310	10000	1	2.5e-05	0.000102	0.0
311	10000	1	2.6e-05	0.000102	0.0
312	10000	1	2.6e-05	0.000102	0.0
313	10000	1	2.6e-05	0.000102	0.0
314	10000	1	2.4e-05	0.000102	0.0
315	10000	1	2.3e-05	0.000102	0.0
316	10000	1	2.3e-05	0.000102	0.0
317	10000	2	2.4e-05	0.000204	0.0
318	10000	1	2.6e-05	0.000102	0.0
319	10000	1	2.4e-05	0.000102	0.0
320	10000	1	2.7e-05	0.000102	0.0
321	10000	1	2.6e-05	0.000102	0.0
322	10000	1	2.6e-05	0.000102	0.0
323	10000	1	2.5e-05	0.000102	0.0
324	10000	1	2.3e-05	0.000102	0.0
325	10000	2	2.2e-05	0.000204	0.0
326	10000	2	2.1e-05	0.000204	0.0
327	10000	1	2.3e-05	0.000102	0.0
328	10000	1	2.3e-05	0.000102	0.0
329	10000	1	2.2e-05	0.000102	0.0
330	10000	1	2e-05	0.000102	0.0
331	10000	1	1.7e-05	0.000102	0.0
332	10000	1	1.6e-05	0.000102	0.0
333	10000	1	1.5e-05	0.000102	0.0
334	10000	1	1.5e-05	0.000102	0.0
335	10000	1	1.5e-05	0.000102	0.0
336	10000	1	1.6e-05	0.000102	0.0
337	10000	1	1.7e-05	0.000102	0.0
338	10000	1	1.5e-05	0.000102	0.0
339	10000	1	1.6e-05	0.000102	0.0
340	10000	1	1.5e-05	0.000102	0.0
341	10000	1	1.4e-05	0.000102	0.0
342	10000	1	1.6e-05	0.000102	0.0
343	10000	1	1.5e-05	0.000102	0.0
344	10000	1	1.2e-05	0.000102	0.0
345	10000	1	1.4e-05	0.000102	0.0
346	10000	1	1.3e-05	0.000102	0.0
347	10000	1	1.5e-05	0.000102	0.0
348	10000	1	1.5e-05	0.000102	0.0
349	10000	1	1.3e-05	0.000102	0.0
350	10000	1	1.6e-05	0.000102	0.0
351	10000	1	2e-05	0.000102	0.0
352	10000	2	2e-05	0.000204	0.0
353	10000	1	2e-05	0.000102	0.0
354	10000	1	2.1e-05	0.000102	0.0
355	10000	2	1.7e-05	0.000204	0.0
356	10000	2	1.8e-05	0.000204	0.0
357	10000	2	2e-05	0.000204	0.0
358	10000	2	2.1e-05	0.000204	0.0
359	10000	1	1.7e-05	0.000102	0.0
360	10000	1	1.8e-05	0.000102	0.0
361	10000	1	1.6e-05	0.000102	0.0
362	10000	1	1.7e-05	0.000102	0.0
363	10000	1	1.8e-05	0.000102	0.0
364	10000	1	1.6e-05	0.000102	0.0
365	10000	1	1.7e-05	0.000102	0.0
366	10000	1	1.8e-05	0.000102	0.0
367	10000	1	1.4e-05	0.000102	0.0
368	10000	1	1.3e-05	0.000102	0.0
369	10000	1	1.4e-05	0.000102	0.0
370	10000	1	1.4e-05	0.000102	0.0
371	10000	1	1.3e-05	0.000102	0.0
372	10000	1	1.3e-05	0.000102	0.0
373	10000	1	1.2e-05	0.000102	0.0
374	10000	1	1.1e-05	0.000102	0.0
375	10000	1	1.2e-05	0.000102	0.0
376	10000	1	1.2e-05	0.000102	0.0
377	10000	1	1.1e-05	0.000102	0.0
378	10000	3	1.3e-05	0.000307	0.0
379	10000	3	1.4e-05	0.000307	0.0
380	10000	2	1.2e-05	0.000204	0.0
381	10000	2	1.2e-05	0.000204	0.0
382	10000	3	1.3e-05	0.000307	0.0
383	10000	3	1.2e-05	0.000307	0.0
384	10000	3	1.2e-05	0.000307	0.0
385	10000	3	1e-05	0.000307	0.0
386	10000	3	9e-06	0.000307	0.0
387	10000	3	1e-05	0.000307	0.0
388	10000	3	1e-05	0.000307	0.0
389	10000	3	8e-06	0.000307	0.0
390	10000	3	7e-06	0.000307	0.0
391	10000	1	7e-06	0.000102	0.0
392	10000	1	5e-06	0.000102	0.0
393	10000	1	4e-06	0.000102	0.0
394	10000	1	4e-06	0.000102	0.0
395	10000	1	4e-06	0.000102	0.0
396	10000	1	3e-06	0.000102	0.0
397	10000	1	3e-06	0.000102	0.0
398	10000	1	2e-06	0.000102	0.0
399	10000	2	2e-06	0.000204	0.0
400	10000	2	2e-06	0.000204	0.0
401	10000	2	2e-06	0.000204	0.0
402	10000	2	3e-06	0.000204	0.0
403	10000	2	2e-06	0.000204	0.0
404	10000	2	2e-06	0.000204	0.0
405	10000	2	2e-06	0.000204	0.0
406	10000	2	2e-06	0.000204	0.0
407	10000	3	2e-06	0.000307	0.0
408	10000	3	1e-06	0.000307	0.0
409	10000	2	2e-06	0.000204	0.0
410	10000	1	1e-06	0.000102	0.0
411	10000	2	2e-06	0.000204	0.0
412	10000	2	2e-06	0.000204	0.0
413	10000	2	3e-06	0.000204	0.0
414	10000	3	2e-06	0.000307	0.0
415	10000	3	3e-06	0.000307	0.0
416	10000	3	4e-06	0.000307	0.0
417	10000	2	4e-06	0.000204	0.0
418	10000	2	3e-06	0.000204	0.0
419	10000	2	4e-06	0.000204	0.0
420	10000	4	4e-06	0.000409	0.0
421	10000	4	5e-06	0.000409	0.0
422	10000	4	4e-06	0.000409	0.0
423	10000	4	6e-06	0.000409	0.0
424	10000	3	3e-06	0.000307	0.0
425	10000	3	5e-06	0.000307	0.0
426	10000	4	5e-06	0.000409	0.0
427	10000	4	7e-06	0.000409	0.0
428	10000	4	6e-06	0.000409	0.0
429	10000	4	7e-06	0.000409	0.0
430	10000	3	1e-05	0.000307	0.0
431	10000	3	1.2e-05	0.000307	0.0
432	10000	3	1.2e-05	0.000307	0.0
433	10000	3	1.2e-05	0.000307	0.0
434	10000	3	1.1e-05	0.000307	0.0
435	10000	3	9e-06	0.000307	0.0
436	10000	3	1e-05	0.000307	0.0
437	10000	3	8e-06	0.000307	0.0
438	10000	4	8e-06	0.000409	0.0
439	10000	4	8e-06	0.000409	0.0
440	10000	4	5e-06	0.000409	0.0
441	10000	4	4e-06	0.000409	0.0
442	10000	4	3e-06	0.000409	0.0
443	10000	4	3e-06	0.000409	0.0
444	10000	3	2e-06	0.000307	0.0
445	10000	3	2e-06	0.000307	0.0
446	10000	3	1e-06	0.000307	0.0
447	10000	3	1e-06	0.000307	0.0
448	10000	4	2e-06	0.000409	0.0
449	10000	4	2e-06	0.000409	0.0
450	10000	4	2e-06	0.000409	0.0
451	10000	3	3e-06	0.000307	0.0
452	10000	3	3e-06	0.000307	0.0
453	10000	3	5e-06	0.000307	0.0
454	10000	3	5e-06	0.000307	0.0
455	10000	3	5e-06	0.000307	0.0
456	10000	3	6e-06	0.000307	0.0
457	10000	3	5e-06	0.000307	0.0
458	10000	3	6e-06	0.000307	0.0
459	10000	3	6e-06	0.000307	0.0
460	10000	3	6e-06	0.000307	0.0
461	10000	3	1e-05	0.000307	0.0
462	10000	2	9e-06	0.000204	0.0
463	10000	2	9e-06	0.000204	0.0
464	10000	2	7e-06	0.000204	0.0
465	10000	2	7e-06	0.000204	0.0
466	10000	2	7e-06	0.000204	0.0
467	10000	2	1e-05	0.000204	0.0
468	10000	2	8e-06	0.000204	0.0
469	10000	2	9e-06	0.000204	0.0
470	10000	2	1e-05	0.000204	0.0
471	10000	2	1e-05	0.000204	0.0
472	10000	2	1.3e-05	0.000204	0.0
473	10000	2	1.3e-05	0.000204	0.0
474	10000	2	1.4e-05	0.000204	0.0
475	10000	2	1.2e-05	0.000204	0.0
476	10000	2	1.2e-05	0.000204	0.0
477	10000	2	1e-05	0.000204	0.0
478	10000	3	9e-06	0.000307	0.0
479	10000	2	7e-06	0.000204	0.0
480	10000	2	8e-06	0.000204	0.0
481	10000	2	8e-06	0.000204	0.0
482	10000	2	7e-06	0.000204	0.0
483	10000	2	6e-06	0.000204	0.0
484	10000	2	7e-06	0.000204	0.0
485	10000	2	5e-06	0.000204	0.0
486	10000	2	5e-06	0.000204	0.0
487	10000	2	7e-06	0.000204	0.0
488	10000	1	6e-06	0.000102	0.0
489	10000	1	7e-06	0.000102	0.0
490	10000	1	5e-06	0.000102	0.0
491	10000	1	6e-06	0.000102	0.0
492	10000	1	4e-06	0.000102	0.0
493	10000	2	3e-06	0.000204	0.0
494	10000	2	2e-06	0.000204	0.0
495	10000	1	1e-06	0.000102	0.0
496	10000	1	1e-06	0.000102	0.0
497	10000	1	1e-06	0.000102	0.0
498	10000	1	1e-06	0.000102	0.0
499	10000	1	0.0	0.000102	0.0
500	10000	0	0.0	0.0	0.0
501	10000	0	0.0	0.0	0.0
502	10000	1	0.0	0.000102	0.0
503	10000	1	0.0	0.000102	0.0
504	10000	1	0.0	0.000102	0.0
505	10000	1	0.0	0.000102	0.0
506	10000	1	0.0	0.000102	0.0
507	10000	1	0.0	0.000102	0.0
508	10000	1	0.0	0.000102	0.0
509	10000	0	0.0	0.0	0.0
510	10000	0	0.0	0.0	0.0
511	10000	0	0.0	0.0	0.0
512	10000	0	0.0	0.0	0.0
513	10000	0	0.0	0.0	0.0
514	10000	0	0.0	0.0	0.0
515	10000	0	0.0	0.0	0.0
516	10000	0	0.0	0.0	0.0
517	10000	0	0.0	0.0	0.0
518	10000	0	0.0	0.0	0.0
519	10000	0	0.0	0.0	0.0
520	10000	0	0.0	0.0	0.0
521	10000	0	0.0	0.0	0.0
522	10000	0	0.0	0.0	0.0
523	10000	0	0.0	0.0	0.0
524	10000	0	0.0	0.0	0.0
525	10000	0	0.0	0.0	0.0
526	10000	0	0.0	0.0	0.0
527	10000	0	0.0	0.0	0.0
528	10000	0	0.0	0.0	0.0
529	10000	0	0.0	0.0	0.0
530	10000	0	0.0	0.0	0.0
531	10000	0	0.0	0.0	0.0
532	10000	0	0.0	0.0	0.0
533	10000	0	0.0	0.0	0.0
534	10000	0	0.0	0.0	0.0
535	10000	0	0.0	0.0	0.0
536	10000	0	0.0	0.0	0.0
537	10000	0	0.0	0.0	0.0
538	10000	0	0.0	0.0	0.0
539	10000	0	0.0	0.0	0.0
540	10000	3	1e-06	0.000307	0.0
541	10000	2	1e-06	0.000204	0.0
542	10000	2	1e-06	0.000204	0.0
543	10000	2	1e-06	0.000204	0.0
544	10000	2	1e-06	0.000204	0.0
545	10000	3	1e-06	0.000307	0.0
546	10000	2	0.0	0.000204	0.0
547	10000	1	1e-06	0.000102	0.0
548	10000	1	0.0	0.000102	0.0
549	10000	1	0.0	0.000102	0.0
550	10000	1	0.0	0.000102	0.0
551	10000	2	1e-06	0.000204	0.0
552	10000	2	0.0	0.000204	0.0
553	10000	1	0.0	0.000102	0.0
554	10000	0	0.0	0.0	0.0
555	10000	0	0.0	0.0	0.0
556	10000	0	0.0	0.0	0.0
557	10000	0	0.0	0.0	0.0
558	10000	0	0.0	0.0	0.0
559	10000	0	0.0	0.0	0.0
560	10000	0	0.0	0.0	0.0
561	10000	0	0.0	0.0	0.0
562	10000	0	0.0	0.0	0.0
563	10000	0	0.0	0.0	0.0
564	10000	0	0.0	0.0	0.0
565	10000	0	0.0	0.0	0.0
566	10000	0	0.0	0.0	0.0
567	10000	1	0.0	0.000102	0.0
568	10000	1	0.0	0.000102	0.0
569	10000	1	0.0	0.000102	0.0
570	10000	1	0.0	0.000102	0.0
571	10000	1	1e-06	0.000102	0.0
572	10000	1	0.0	0.000102	0.0
573	10000	1	0.0	0.000102	0.0
574	10000	1	0.0	0.000102	0.0
575	10000	1	0.0	0.000102	0.0
576	10000	0	0.0	0.0	0.0
577	10000	0	0.0	0.0	0.0
578	10000	0	0.0	0.0	0.0
579	10000	0	0.0	0.0	0.0
580	10000	1	0.0	0.000102	0.0
581	10000	1	0.0	0.000102	0.0
582	10000	0	0.0	0.0	0.0
583	10000	0	0.0	0.0	0.0
584	10000	0	0.0	0.0	0.0
585	10000	0	0.0	0.0	0.0
586	10000	0	0.0	0.0	0.0
587	10000	0	0.0	0.0	0.0
588	10000	0	0.0	0.0	0.0
589	10000	0	0.0	0.0	0.0
590	10000	0	0.0	0.0	0.0
591	10000	0	0.0	0.0	0.0
592	10000	0	0.0	0.0	0.0
593	10000	0	0.0	0.0	0.0
594	10000	0	0.0	0.0	0.0
595	10000	0	0.0	0.0	0.0
596	10000	0	0.0	0.0	0.0
597	10000	0	0.0	0.0	0.0
598	10000	0	0.0	0.0	0.0
599	10000	0	0.0	0.0	0.0
600	10000	0	0.0	0.0	0.0
601	10000	1	0.0	0.000102	0.0
602	10000	0	0.0	0.0	0.0
603	10000	0	0.0	0.0	0.0
604	10000	0	0.0	0.0	0.0
605	10000	0	0.0	0.0	0.0
606	10000	0	0.0	0.0	0.0
607	10000	0	0.0	0.0	0.0
608	10000	0	0.0	0.0	0.0
609	10000	0	0.0	0.0	0.0
610	10000	0	0.0	0.0	0.0
611	10000	0	0.0	0.0	0.0
612	10000	0	0.0	0.0	0.0
613	10000	0	0.0	0.0	0.0
614	10000	0	0.0	0.0	0.0
615	10000	0	0.0	0.0	0.0
616	10000	0	0.0	0.0	0.0
617	10000	0	0.0	0.0	0.0
618	10000	0	0.0	0.0	0.0
619	10000	0	0.0	0.0	0.0
620	10000	0	0.0	0.0	0.0
621	10000	0	0.0	0.0	0.0
622	10000	0	0.0	0.0	0.0
623	10000	0	0.0	0.0	0.0
624	10000	0	0.0	0.0	0.0
625	10000	0	0.0	0.0	0.0
626	10000	0	0.0	0.0	0.0
627	10000	0	0.0	0.0	0.0
628	10000	0	0.0	0.0	0.0
629	10000	0	0.0	0.0	0.0
630	10000	0	0.0	0.0	0.0
631	10000	0	0.0	0.0	0.0
632	10000	0	0.0	0.0	0.0
633	10000	0	0.0	0.0	0.0
634	10000	0	0.0	0.0	0.0
635	10000	0	0.0	0.0	0.0
636	10000	1	0.0	0.000102	0.0
637	10000	0	0.0	0.0	0.0
638	10000	0	0.0	0.0	0.0
639	10000	0	0.0	0.0	0.0
640	10000	0	0.0	0.0	0.0
641	10000	0	0.0	0.0	0.0
642	10000	0	0.0	0.0	0.0
643	10000	0	0.0	0.0	0.0
644	10000	0	0.0	0.0	0.0
645	10000	0	0.0	0.0	0.0
646	10000	0	0.0	0.0	0.0
647	10000	1	0.0	0.000102	0.0
648	10000	1	0.0	0.000102	0.0
649	10000	1	1e-06	0.000102	0.0
650	10000	1	0.0	0.000102	0.0
651	10000	1	0.0	0.000102	0.0
652	10000	1	0.0	0.000102	0.0
653	10000	1	0.0	0.000102	0.0
654	10000	0	0.0	0.0	0.0
655	10000	0	0.0	0.0	0.0
656	10000	0	0.0	0.0	0.0
657	10000	0	0.0	0.0	0.0
658	10000	0	0.0	0.0	0.0
659	10000	1	0.0	0.000102	0.0
660	10000	0	0.0	0.0	0.0
661	10000	0	0.0	0.0	0.0
662	10000	0	0.0	0.0	0.0
663	10000	0	0.0	0.0	0.0
664	10000	0	0.0	0.0	0.0
665	10000	0	0.0	0.0	0.0
666	10000	0	0.0	0.0	0.0
667	10000	0	0.0	0.0	0.0
668	10000	0	0.0	0.0	0.0
669	10000	0	0.0	0.0	0.0
670	10000	0	0.0	0.0	0.0
671	10000	0	0.0	0.0	0.0
672	10000	0	0.0	0.0	0.0
673	10000	0	0.0	0.0	0.0
674	10000	0	0.0	0.0	0.0
675	10000	1	0.0	0.000102	0.0
676	10000	0	0.0	0.0	0.0
677	10000	0	0.0	0.0	0.0
678	10000	0	0.0	0.0	0.0
679	10000	0	0.0	0.0	0.0
680	10000	0	0.0	0.0	0.0
681	10000	1	0.0	0.000102	0.0
682	10000	1	0.0	0.000102	0.0
683	10000	0	0.0	0.0	0.0
684	10000	0	0.0	0.0	0.0
685	10000	1	0.0	0.000102	0.0
686	10000	1	0.0	0.000102	0.0
687	10000	1	0.0	0.000102	0.0
688	10000	1	0.0	0.000102	0.0
689	10000	1	0.0	0.000102	0.0
690	10000	1	0.0	0.000102	0.0
691	10000	1	1e-06	0.000102	0.0
692	10000	1	1e-06	0.000102	0.0
693	10000	1	1e-06	0.000102	0.0
694	10000	2	0.0	0.000204	0.0
695	10000	1	1e-06	0.000102	0.0
696	10000	1	1e-06	0.000102	0.0
697	10000	1	0.0	0.000102	0.0
698	10000	2	0.0	0.000204	0.0
699	10000	1	1e-06	0.000102	0.0
700	10000	1	1e-06	0.000102	0.0
701	10000	1	2e-06	0.000102	0.0
702	10000	1	2e-06	0.000102	0.0
703	10000	1	3e-06	0.000102	0.0
704	10000	1	3e-06	0.000102	0.0
705	10000	1	4e-06	0.000102	0.0
706	10000	1	5e-06	0.000102	0.0
707	10000	1	5e-06	0.000102	0.0
708	10000	1	4e-06	0.000102	0.0
709	10000	1	3e-06	0.000102	0.0
710	10000	2	3e-06	0.000204	0.0
711	10000	2	3e-06	0.000204	0.0
712	10000	2	3e-06	0.000204	0.0
713	10000	2	4e-06	0.000204	0.0
714	10000	2	5e-06	0.000204	0.0
715	10000	2	5e-06	0.000204	0.0
716	10000	1	4e-06	0.000102	0.0
717	10000	1	3e-06	0.000102	0.0
718	10000	2	4e-06	0.000204	0.0
719	10000	1	3e-06	0.000102	0.0
720	10000	1	3e-06	0.000102	0.0
721	10000	1	4e-06	0.000102	0.0
722	10000	1	3e-06	0.000102	0.0
723	10000	1	3e-06	0.000102	0.0
724	10000	1	5e-06	0.000102	0.0
725	10000	1	3e-06	0.000102	0.0
726	10000	1	2e-06	0.000102	0.0
727	10000	1	3e-06	0.000102	0.0
728	10000	1	3e-06	0.000102	0.0
729	10000	2	2e-06	0.000204	0.0
730	10000	2	3e-06	0.000204	0.0
731	10000	2	2e-06	0.000204	0.0
732	10000	2	2e-06	0.000204	0.0
733	10000	1	2e-06	0.000102	0.0
734	10000	2	2e-06	0.000204	0.0
735	10000	1	2e-06	0.000102	0.0
736	10000	1	2e-06	0.000102	0.0
737	10000	1	2e-06	0.000102	0.0
738	10000	1	2e-06	0.000102	0.0
739	10000	1	3e-06	0.000102	0.0
740	10000	1	3e-06	0.000102	0.0
741	10000	1	4e-06	0.000102	0.0
742	10000	1	5e-06	0.000102	0.0
743	10000	1	5e-06	0.000102	0.0
744	10000	1	3e-06	0.000102	0.0
745	10000	1	3e-06	0.000102	0.0
746	10000	1	3e-06	0.000102	0.0
747	10000	1	4e-06	0.000102	0.0
748	10000	1	6e-06	0.000102	0.0
749	10000	1	5e-06	0.000102	0.0
750	10000	1	6e-06	0.000102	0.0
751	10000	1	6e-06	0.000102	0.0
752	10000	1	5e-06	0.000102	0.0
753	10000	1	4e-06	0.000102	0.0
754	10000	1	4e-06	0.000102	0.0
755	10000	1	5e-06	0.000102	0.0
756	10000	1	5e-06	0.000102	0.0
757	10000	1	5e-06	0.000102	0.0
758	10000	1	5e-06	0.000102	0.0
759	10000	1	5e-06	0.000102	0.0
760	10000	1	3e-06	0.000102	0.0
761	10000	1	2e-06	0.000102	0.0
762	10000	2	2e-06	0.000204	0.0
763	10000	3	3e-06	0.000307	0.0
764	10000	2	2e-06	0.000204	0.0
765	10000	2	1e-06	0.000204	0.0
766	10000	2	1e-06	0.000204	0.0
767	10000	2	1e-06	0.000204	0.0
768	10000	2	1e-06	0.000204	0.0
769	10000	2	1e-06	0.000204	0.0
770	10000	2	1e-06	0.000204	0.0
771	10000	2	1e-06	0.000204	0.0
772	10000	2	1e-06	0.000204	0.0
773	10000	1	0.0	0.000102	0.0
774	10000	1	0.0	0.000102	0.0
775	10000	1	0.0	0.000102	0.0
776	10000	1	0.0	0.000102	0.0
777	10000	1	0.0	0.000102	0.0
778	10000	0	0.0	0.0	0.0
779	10000	0	0.0	0.0	0.0
780	10000	0	0.0	0.0	0.0
781	10000	0	0.0	0.0	0.0
782	10000	0	0.0	0.0	0.0
783	10000	0	0.0	0.0	0.0
784	10000	0	0.0	0.0	0.0
785	10000	0	0.0	0.0	0.0
786	10000	0	0.0	0.0	0.0
787	10000	1	0.0	0.000102	0.0
788	10000	1	0.0	0.000102	0.0
789	10000	1	0.0	0.000102	0.0
790	10000	1	0.0	0.000102	0.0
791	10000	0	0.0	0.0	0.0
792	10000	0	0.0	0.0	0.0
793	10000	0	0.0	0.0	0.0
794	10000	0	0.0	0.0	0.0
795	10000	0	0.0	0.0	0.0
796	10000	0	0.0	0.0	0.0
797	10000	0	0.0	0.0	0.0
798	10000	0	0.0	0.0	0.0
799	10000	0	0.0	0.0	0.0
800	10000	0	0.0	0.0	0.0
801	10000	0	0.0	0.0	0.0
802	10000	0	0.0	0.0	0.0
803	10000	0	0.0	0.0	0.0
804	10000	0	0.0	0.0	0.0
805	10000	0	0.0	0.0	0.0
806	10000	0	0.0	0.0	0.0
807	10000	0	0.0	0.0	0.0
808	10000	0	0.0	0.0	0.0
809	10000	0	0.0	0.0	0.0
810	10000	0	0.0	0.0	0.0
811	10000	0	0.0	0.0	0.0
812	10000	0	0.0	0.0	0.0
813	10000	0	0.0	0.0	0.0
814	10000	0	0.0	0.0	0.0
815	10000	0	0.0	0.0	0.0
816	10000	1	0.0	0.000102	0.0
817	10000	0	0.0	0.0	0.0
818	10000	0	0.0	0.0	0.0
819	10000	0	0.0	0.0	0.0
820	10000	0	0.0	0.0	0.0
821	10000	0	0.0	0.0	0.0
822	10000	0	0.0	0.0	0.0
823	10000	0	0.0	0.0	0.0
824	10000	0	0.0	0.0	0.0
825	10000	0	0.0	0.0	0.0
826	10000	1	0.0	0.000102	0.0
827	10000	1	0.0	0.000102	0.0
828	10000	1	0.0	0.000102	0.0
829	10000	1	0.0	0.000102	0.0
830	10000	1	1e-06	0.000102	0.0
831	10000	1	1e-06	0.000102	0.0
832	10000	1	1e-06	0.000102	0.0
833	10000	1	1e-06	0.000102	0.0
834	10000	1	1e-06	0.000102	0.0
835	10000	1	0.0	0.000102	0.0
836	10000	1	1e-06	0.000102	0.0
837	10000	1	0.0	0.000102	0.0
838	10000	1	1e-06	0.000102	0.0
839	10000	1	0.0	0.000102	0.0
840	10000	2	0.0	0.000204	0.0
841	10000	1	0.0	0.000102	0.0
842	10000	1	0.0	0.000102	0.0
843	10000	0	0.0	0.0	0.0
844	10000	0	0.0	0.0	0.0
845	10000	0	0.0	0.0	0.0
846	10000	0	0.0	0.0	0.0
847	10000	0	0.0	0.0	0.0
848	10000	0	0.0	0.0	0.0
849	10000	0	0.0	0.0	0.0
850	10000	0	0.0	0.0	0.0
851	10000	0	0.0	0.0	0.0
852	10000	0	0.0	0.0	0.0
853	10000	1	0.0	0.000102	0.0
854	10000	0	0.0	0.0	0.0
855	10000	0	0.0	0.0	0.0
856	10000	0	0.0	0.0	0.0
857	10000	0	0.0	0.0	0.0
858	10000	2	0.0	0.000204	0.0
859	10000	1	0.0	0.000102	0.0
860	10000	1	0.0	0.000102	0.0
861	10000	2	0.0	0.000204	0.0
862	10000	2	1e-06	0.000204	0.0
863	10000	2	0.0	0.000204	0.0
864	10000	1	1e-06	0.000102	0.0
865	10000	1	0.0	0.000102	0.0
866	10000	0	0.0	0.0	0.0
867	10000	0	0.0	0.0	0.0
868	10000	0	0.0	0.0	0.0
869	10000	0	0.0	0.0	0.0
870	10000	0	0.0	0.0	0.0
871	10000	0	0.0	0.0	0.0
872	10000	0	0.0	0.0	0.0
873	10000	0	0.0	0.0	0.0
874	10000	0	0.0	0.0	0.0
875	10000	0	0.0	0.0	0.0
876	10000	0	0.0	0.0	0.0
877	10000	0	0.0	0.0	0.0
878	10000	0	0.0	0.0	0.0
879	10000	0	0.0	0.0	0.0
880	10000	0	0.0	0.0	0.0
881	10000	1	0.0	0.000102	0.0
882	10000	1	0.0	0.000102	0.0
883	10000	0	0.0	0.0	0.0
884	10000	0	0.0	0.0	0.0
885	10000	0	0.0	0.0	0.0
886	10000	0	0.0	0.0	0.0
887	10000	0	0.0	0.0	0.0
888	10000	0	0.0	0.0	0.0
889	10000	0	0.0	0.0	0.0
890	10000	0	0.0	0.0	0.0
891	10000	0	0.0	0.0	0.0
892	10000	0	0.0	0.0	0.0
893	10000	0	0.0	0.0	0.0
894	10000	1	0.0	0.000102	0.0
895	10000	1	0.0	0.000102	0.0
896	10000	0	0.0	0.0	0.0
897	10000	0	0.0	0.0	0.0
898	10000	0	0.0	0.0	0.0
899	10000	0	0.0	0.0	0.0
900	10000	0	0.0	0.0	0.0
901	10000	0	0.0	0.0	0.0
902	10000	0	0.0	0.0	0.0
903	10000	0	0.0	0.0	0.0
904	10000	0	0.0	0.0	0.0
905	10000	0	0.0	0.0	0.0
906	10000	0	0.0	0.0	0.0
907	10000	0	0.0	0.0	0.0
908	10000	0	0.0	0.0	0.0
909	10000	0	0.0	0.0	0.0
910	10000	0	0.0	0.0	0.0
911	10000	0	0.0	0.0	0.0
912	10000	0	0.0	0.0	0.0
913	10000	0	0.0	0.0	0.0
914	10000	1	0.0	0.000102	0.0
915	10000	1	0.0	0.000102	0.0
916	10000	1	0.0	0.000102	0.0
917	10000	1	0.0	0.000102	0.0
918	10000	1	0.0	0.000102	0.0
919	10000	1	0.0	0.000102	0.0
920	10000	1	1e-06	0.000102	0.0
921	10000	1	2e-06	0.000102	0.0
922	10000	1	2e-06	0.000102	0.0
923	10000	1	3e-06	0.000102	0.0
924	10000	1	3e-06	0.000102	0.0
925	10000	2	4e-06	0.000204	0.0
926	10000	2	6e-06	0.000204	0.0
927	10000	2	6e-06	0.000204	0.0
928	10000	2	6e-06	0.000204	0.0
929	10000	2	7e-06	0.000204	0.0
930	10000	3	9e-06	0.000307	0.0
931	10000	3	7e-06	0.000307	0.0
932	10000	3	6e-06	0.000307	0.0
933	10000	3	6e-06	0.000307	0.0
934	10000	3	5e-06	0.000307	0.0
935	10000	2	6e-06	0.000204	0.0
936	10000	2	5e-06	0.000204	0.0
937	10000	2	5e-06	0.000204	0.0
938	10000	2	6e-06	0.000204	0.0
939	10000	2	5e-06	0.000204	0.0
940	10000	1	5e-06	0.000102	0.0
941	10000	1	5e-06	0.000102	0.0
942	10000	1	4e-06	0.000102	0.0
943	10000	1	4e-06	0.000102	0.0
944	10000	1	4e-06	0.000102	0.0
945	10000	1	5e-06	0.000102	0.0
946	10000	1	5e-06	0.000102	0.0
947	10000	1	6e-06	0.000102	0.0
948	10000	1	7e-06	0.000102	0.0
949	10000	1	6e-06	0.000102	0.0
950	10000	1	4e-06	0.000102	0.0
951	10000	3	4e-06	0.000307	0.0
952	10000	3	3e-06	0.000307	0.0
953	10000	2	2e-06	0.000204	0.0
954	10000	3	3e-06	0.000307	0.0
955	10000	3	4e-06	0.000307	0.0
956	10000	3	2e-06	0.000307	0.0
957	10000	3	3e-06	0.000307	0.0
958	10000	2	3e-06	0.000204	0.0
959	10000	2	4e-06	0.000204	0.0
960	10000	3	4e-06	0.000307	0.0
961	10000	3	3e-06	0.000307	0.0
962	10000	3	3e-06	0.000307	0.0
963	10000	2	2e-06	0.000204	0.0
964	10000	1	1e-06	0.000102	0.0
965	10000	1	0.0	0.000102	0.0
966	10000	1	0.0	0.000102	0.0
967	10000	1	1e-06	0.000102	0.0
968	10000	1	1e-06	0.000102	0.0
969	10000	1	2e-06	0.000102	0.0
970	10000	1	2e-06	0.000102	0.0
971	10000	1	2e-06	0.000102	0.0
972	10000	1	2e-06	0.000102	0.0
973	10000	1	2e-06	0.000102	0.0
974	10000	1	3e-06	0.000102	0.0
975	10000	1	2e-06	0.000102	0.0
976	10000	1	3e-06	0.000102	0.0
977	10000	1	3e-06	0.000102	0.0
978	10000	1	4e-06	0.000102	0.0
979	10000	1	3e-06	0.000102	0.0
980	10000	1	3e-06	0.000102	0.0
981	10000	1	2e-06	0.000102	0.0
982	10000	1	2e-06	0.000102	0.0
983	10000	1	2e-06	0.000102	0.0
984	10000	1	1e-06	0.000102	0.0
985	10000	1	2e-06	0.000102	0.0
986	10000	1	2e-06	0.000102	0.0
987	10000	1	2e-06	0.000102	0.0
988	10000	1	1e-06	0.000102	0.0
989	10000	1	1e-06	0.000102	0.0
990	10000	1	1e-06	0.000102	0.0
991	10000	1	1e-06	0.000102	0.0
992	10000	1	1e-06	0.000102	0.0
993	10000	1	1e-06	0.000102	0.0
994	10000	1	1e-06	0.000102	0.0
995	10000	1	1e-06	0.000102	0.0
996	10000	1	1e-06	0.000102	0.0
997	10000	1	0.0	0.000102	0.0
998	10000	0	0.0	0.0	0.0
999	10000	1	0.0	0.000102	0.0
1000	100	0	0.0	0.0	0.0
1001	100	0	0.0	0.0	0.0
1002	100	0	0.0	0.0	0.0
1003	100	0	0.0	0.0	0.0
1004	100	0	0.0	0.0	0.0
1005	100	0	0.0	0.0	0.0
1006	100	0	0.0	0.0	0.0
1007	100	0	0.0	0.0	0.0
1008	100	0	0.0	0.0	0.0
1009	100	0	0.0	0.0	0.0
1010	100	0	0.0	0.0	0.0
1011	100	0	0.0	0.0	0.0
1012	100	0	0.0	0.0	0.0
1013	100	0	0.0	0.0	0.0
1014	100	0	0.0	0.0	0.0
1015	100	0	0.0	0.0	0.0
1016	100	0	0.0	0.0	0.0
1017	100	0	0.0	0.0	0.0
1018	100	0	0.0	0.0	0.0
1019	100	0	0.0	0.0	0.0
1020	100	0	0.0	0.0	0.0
1021	100	0	0.0	0.0	0.0
1022	100	0	0.0	0.0	0.0
1023	100	0	0.0	0.0	0.0
1024	100	0	0.0	0.0	0.0
1025	100	0	0.0	0.0	0.01
1026	100	0	0.0	0.0	0.01
1027	100	0	0.0	0.0	0.01
1028	100	0	0.0	0.0	0.01
1029	100	0	0.0	0.0	0.02
1030	100	0	0.0	0.0	0.03
1031	100	0	0.0	0.0	0.04
1032	100	0	0.0	0.0	0.03
1033	100	0	0.0	0.0	0.05
1034	100	0	0.0	0.0	0.07
1035	100	0	0.0	0.0	0.08
1036	100	0	0.0	0.0	0.14
1037	100	0	0.0	0.0	0.09
1038	100	0	0.0	0.0	0.11
1039	100	0	0.0	0.0	0.08
1040	100	0	0.0	0.0	0.11
1041	100	0	0.0	0.0	0.11
1042	100	0	0.0	0.0	0.12
1043	100	0	0.0	0.0	0.17
1044	100	0	0.0	0.0	0.19
1045	100	0	0.0	0.0	0.25
1046	100	0	0.0	0.0	0.26
1047	100	0	0.0	0.0	0.39
1048	100	0	0.0	0.0	0.5
1049	100	0	0.0	0.0	0.51
1050	10000	0	0.0	0.0	0.54
1051	10000	0	0.0	0.0	0.5586
1052	10000	0	0.0	0.0	0.5875
1053	10000	0	0.0	0.0	0.6125
1054	10000	1	0.0	0.000102	0.6252
1055	10000	0	0.0	0.0	0.64
1056	10000	0	0.0	0.0	0.6601
1057	10000	0	0.0	0.0	0.6825
1058	10000	0	0.0	0.0	0.7057
1059	10000	0	0.0	0.0	0.7314
1060	10000	0	0.0	0.0	0.7413
1061	10000	0	0.0	0.0	0.7668
1062	10000	0	0.0	0.0	0.7839
1063	10000	0	0.0	0.0	0.7989
1064	10000	0	0.0	0.0	0.8173
1065	10000	0	0.0	0.0	0.8314
1066	10000	0	0.0	0.0	0.8472
1067	10000	0	0.0	0.0	0.8653
1068	10000	0	0.0	0.0	0.8778
1069	10000	0	0.0	0.0	0.8897
1070	10000	0	0.0	0.0	0.8976
1071	10000	0	0.0	0.0	0.9035
1072	10000	0	0.0	0.0	0.9078
1073	10000	0	0.0	0.0	0.9168
1074	10000	0	0.0	0.0	0.9241
1075	10000	1	0.0	0.000102	0.9288
1076	10000	2	0.0	0.000204	0.9358
1077	10000	2	1e-06	0.000204	0.9388
1078	10000	2	1e-06	0.000204	0.941
1079	10000	2	1e-06	0.000204	0.9472
1080	10000	1	1e-06	0.000102	0.9544
1081	10000	1	0.0	0.000102	0.9578
1082	10000	1	0.0	0.000102	0.9641
1083	10000	1	1e-06	0.000102	0.968
1084	10000	1	1e-06	0.000102	0.9702
1085	10000	2	0.0	0.000204	0.9743
1086	10000	3	1e-06	0.000307	0.9764
1087	10000	3	1e-06	0.000307	0.978
1088	10000	4	1e-06	0.000409	0.9807
1089	10000	3	1e-06	0.000307	0.9825
1090	10000	3	1e-06	0.000307	0.9851
1091	10000	3	2e-06	0.000307	0.9872
1092	10000	2	2e-06	0.000204	0.9882
1093	10000	2	2e-06	0.000204	0.989
1094	10000	2	2e-06	0.000204	0.9892
1095	10000	2	2e-06	0.000204	0.9911
1096	10000	2	3e-06	0.000204	0.9923
1097	10000	2	4e-06	0.000204	0.9921
1098	10000	2	6e-06	0.000204	0.9932
1099	10000	2	6e-06	0.000204	0.9951
1100	10000	2	5e-06	0.000204	0.9957
1101	10000	2	6e-06	0.000204	0.9952
1102	10000	3	6e-06	0.000307	0.9961
1103	10000	2	7e-06	0.000204	0.9977
1104	10000	2	6e-06	0.000204	0.9981
1105	10000	2	5e-06	0.000204	0.9989
1106	10000	2	6e-06	0.000204	0.9995
1107	10000	2	6e-06	0.000204	0.9995
1108	10000	2	7e-06	0.000204	0.9994
1109	10000	2	7e-06	0.000204	0.9999
1110	10000	2	7e-06	0.000204	0.9999
1111	10000	2	7e-06	0.000204	1.0
1112	10000	2	7e-06	0.000204	1.0
1113	10000	3	8e-06	0.000307	1.0
1114	10000	3	9e-06	0.000307	1.0
1115	10000	3	8e-06	0.000307	1.0
1116	10000	4	8e-06	0.000409	1.0
1117	10000	3	9e-06	0.000307	1.0
1118	10000	2	7e-06	0.000204	1.0
1119	10000	2	6e-06	0.000204	1.0
1120	10000	2	4e-06	0.000204	1.0
1121	10000	1	4e-06	0.000102	1.0
1122	10000	1	3e-06	0.000102	1.0
1123	10000	1	4e-06	0.000102	1.0
1124	10000	1	4e-06	0.000102	1.0
1125	10000	1	5e-06	0.000102	1.0
1126	10000	1	6e-06	0.000102	1.0
1127	10000	1	7e-06	0.000102	1.0
1128	10000	1	8e-06	0.000102	1.0
1129	10000	1	5e-06	0.000102	1.0
1130	10000	1	4e-06	0.000102	1.0
1131	10000	1	4e-06	0.000102	1.0
1132	10000	1	5e-06	0.000102	1.0
1133	10000	2	5e-06	0.000204	1.0
1134	10000	3	5e-06	0.000307	1.0
1135	10000	3	5e-06	0.000307	1.0
1136	10000	2	6e-06	0.000204	1.0
1137	10000	2	9e-06	0.000204	1.0
1138	10000	2	8e-06	0.000204	1.0
1139	10000	3	8e-06	0.000307	1.0
1140	10000	2	8e-06	0.000204	1.0
1141	10000	3	9e-06	0.000307	1.0
1142	10000	4	8e-06	0.000409	1.0
1143	10000	4	8e-06	0.000409	1.0
1144	10000	2	8e-06	0.000204	1.0
1145	10000	2	7e-06	0.000204	1.0
1146	10000	2	7e-06	0.000204	1.0
1147	10000	2	9e-06	0.000204	1.0
1148	10000	3	9e-06	0.000307	1.0
1149	10000	2	9e-06	0.000204	1.0
1150	10000	2	9e-06	0.000204	1.0
1151	10000	2	9e-06	0.000204	1.0
1152	10000	2	1e-05	0.000204	1.0
1153	10000	2	1.1e-05	0.000204	1.0
1154	10000	2	1.1e-05	0.000204	1.0
1155	10000	1	1e-05	0.000102	1.0
1156	10000	1	1.2e-05	0.000102	1.0
1157	10000	1	1.2e-05	0.000102	1.0
1158	10000	1	9e-06	0.000102	1.0
1159	10000	1	1e-05	0.000102	1.0
1160	10000	1	8e-06	0.000102	1.0
1161	10000	1	1e-05	0.000102	1.0
1162	10000	1	9e-06	0.000102	1.0
1163	10000	1	1.1e-05	0.000102	1.0
1164	10000	1	9e-06	0.000102	1.0
1165	10000	1	1e-05	0.000102	1.0
1166	10000	1	1e-05	0.000102	1.0
1167	10000	1	9e-06	0.000102	1.0
1168	10000	1	9e-06	0.000102	1.0
1169	10000	1	1e-05	0.000102	1.0
1170	10000	2	1.1e-05	0.000204	1.0
1171	10000	1	1.1e-05	0.000102	1.0
1172	10000	1	8e-06	0.000102	1.0
1173	10000	1	8e-06	0.000102	1.0
1174	10000	1	8e-06	0.000102	1.0
1175	10000	1	7e-06	0.000102	1.0
1176	10000	1	7e-06	0.000102	1.0
1177	10000	1	7e-06	0.000102	1.0
1178	10000	1	7e-06	0.000102	1.0
1179	10000	2	7e-06	0.000204	1.0
1180	10000	2	7e-06	0.000204	1.0
1181	10000	2	9e-06	0.000204	1.0
1182	10000	2	9e-06	0.000204	1.0
1183	10000	2	9e-06	0.000204	1.0
1184	10000	2	7e-06	0.000204	1.0
1185	10000	2	7e-06	0.000204	1.0
1186	10000	2	6e-06	0.000204	1.0
1187	10000	2	7e-06	0.000204	1.0
1188	10000	2	8e-06	0.000204	1.0
1189	10000	2	9e-06	0.000204	1.0
1190	10000	2	1.3e-05	0.000204	1.0
1191	10000	2	1.3e-05	0.000204	1.0
1192	10000	2	1.4e-05	0.000204	1.0
1193	10000	2	1.3e-05	0.000204	1.0
1194	10000	2	1.2e-05	0.000204	1.0
1195	10000	2	1.4e-05	0.000204	1.0
1196	10000	2	1.7e-05	0.000204	1.0
1197	10000	2	1.5e-05	0.000204	1.0
1198	10000	2	1.6e-05	0.000204	1.0
1199	10000	2	1.5e-05	0.000204	1.0
1200	10000	2	1.3e-05	0.000204	1.0
1201	10000	2	1.2e-05	0.000204	1.0
1202	10000	2	1.3e-05	0.000204	1.0
1203	10000	2	1.4e-05	0.000204	1.0
1204	10000	2	1.6e-05	0.000204	1.0
1205	10000	2	1.4e-05	0.000204	1.0
1206	10000	1	1.2e-05	0.000102	1.0
1207	10000	1	1.2e-05	0.000102	1.0
1208	10000	1	1.3e-05	0.000102	1.0
1209	10000	1	1.4e-05	0.000102	1.0
1210	10000	1	1.3e-05	0.000102	1.0
1211	10000	1	1.3e-05	0.000102	1.0
1212	10000	1	9e-06	0.000102	1.0
1213	10000	1	9e-06	0.000102	1.0
1214	10000	2	9e-06	0.000204	1.0
1215	10000	2	1.3e-05	0.000204	1.0
1216	10000	2	1.2e-05	0.000204	1.0
1217	10000	2	1.4e-05	0.000204	1.0
1218	10000	2	1.2e-05	0.000204	1.0
1219	10000	2	1.1e-05	0.000204	1.0
1220	10000	2	1.1e-05	0.000204	1.0
1221	10000	2	1.2e-05	0.000204	1.0
1222	10000	2	1.4e-05	0.000204	1.0
1223	10000	3	1.4e-05	0.000307	1.0
1224	10000	2	1.5e-05	0.000204	1.0
1225	10000	2	1.5e-05	0.000204	1.0
1226	10000	2	1.2e-05	0.000204	1.0
1227	10000	2	1.1e-05	0.000204	1.0
1228	10000	2	1.2e-05	0.000204	1.0
1229	10000	2	1.2e-05	0.000204	1.0
1230	10000	2	1.1e-05	0.000204	1.0
1231	10000	2	1.1e-05	0.000204	1.0
1232	10000	1	9e-06	0.000102	1.0
1233	10000	1	7e-06	0.000102	1.0
1234	10000	1	6e-06	0.000102	1.0
1235	10000	1	8e-06	0.000102	1.0
1236	10000	1	7e-06	0.000102	1.0
1237	10000	1	6e-06	0.000102	1.0
1238	10000	1	7e-06	0.000102	1.0
1239	10000	1	6e-06	0.000102	1.0
1240	10000	1	9e-06	0.000102	1.0
1241	10000	1	8e-06	0.000102	1.0
1242	10000	1	9e-06	0.000102	1.0
1243	10000	2	1e-05	0.000204	1.0
1244	10000	1	8e-06	0.000102	1.0
1245	10000	1	8e-06	0.000102	1.0
1246	10000	2	1e-05	0.000204	1.0
1247	10000	2	1.2e-05	0.000204	1.0
1248	10000	1	1.1e-05	0.000102	1.0
1249	10000	1	1.1e-05	0.000102	1.0
1250	10000	2	1e-05	0.000204	1.0
1251	10000	2	7e-06	0.000204	1.0
1252	10000	2	8e-06	0.000204	1.0
1253	10000	3	9e-06	0.000307	1.0
1254	10000	2	7e-06	0.000204	1.0
1255	10000	2	8e-06	0.000204	1.0
1256	10000	2	7e-06	0.000204	1.0
1257	10000	3	8e-06	0.000307	1.0
1258	10000	2	8e-06	0.000204	1.0
1259	10000	2	7e-06	0.000204	1.0
1260	10000	2	7e-06	0.000204	1.0
1261	10000	2	6e-06	0.000204	1.0
1262	10000	2	6e-06	0.000204	1.0
1263	10000	2	7e-06	0.000204	1.0
1264	10000	2	8e-06	0.000204	1.0
1265	10000	1	7e-06	0.000102	1.0
1266	10000	1	8e-06	0.000102	1.0
1267	10000	1	8e-06	0.000102	1.0
1268	10000	1	8e-06	0.000102	1.0
1269	10000	1	6e-06	0.000102	1.0
1270	10000	1	4e-06	0.000102	1.0
1271	10000	1	4e-06	0.000102	1.0
1272	10000	1	4e-06	0.000102	1.0
1273	10000	1	5e-06	0.000102	1.0
1274	10000	1	5e-06	0.000102	1.0
1275	10000	1	6e-06	0.000102	1.0
1276	10000	1	5e-06	0.000102	1.0
1277	10000	1	6e-06	0.000102	1.0
1278	10000	1	5e-06	0.000102	1.0
1279	10000	1	6e-06	0.000102	1.0
1280	10000	1	6e-06	0.000102	1.0
1281	10000	2	5e-06	0.000204	1.0
1282	10000	2	5e-06	0.000204	1.0
1283	10000	1	7e-06	0.000102	1.0
1284	10000	1	7e-06	0.000102	1.0
1285	10000	1	5e-06	0.000102	1.0
1286	10000	1	5e-06	0.000102	1.0
1287	10000	1	5e-06	0.000102	1.0
1288	10000	1	6e-06	0.000102	1.0
1289	10000	1	6e-06	0.000102	1.0
1290	10000	1	7e-06	0.000102	1.0
1291	10000	1	6e-06	0.000102	1.0
1292	10000	1	5e-06	0.000102	1.0
1293	10000	1	5e-06	0.000102	1.0
1294	10000	1	4e-06	0.000102	1.0
1295	10000	1	4e-06	0.000102	1.0
1296	10000	1	5e-06	0.000102	1.0
1297	10000	1	6e-06	0.000102	1.0
1298	10000	1	5e-06	0.000102	1.0
1299	10000	1	5e-06	0.000102	1.0
1300	10000	1	7e-06	0.000102	1.0
1301	10000	1	5e-06	0.000102	1.0
1302	10000	1	5e-06	0.000102	1.0
1303	10000	1	6e-06	0.000102	1.0
1304	10000	1	5e-06	0.000102	1.0
1305	10000	1	3e-06	0.000102	1.0
1306	10000	2	4e-06	0.000204	1.0
1307	10000	2	4e-06	0.000204	1.0
1308	10000	2	6e-06	0.000204	1.0
1309	10000	1	7e-06	0.000102	1.0
1310	10000	1	7e-06	0.000102	1.0
1311	10000	1	5e-06	0.000102	1.0
1312	10000	1	5e-06	0.000102	1.0
1313	10000	1	4e-06	0.000102	1.0
1314	10000	1	5e-06	0.000102	1.0
1315	10000	2	5e-06	0.000204	1.0
1316	10000	1	4e-06	0.000102	1.0
1317	10000	1	5e-06	0.000102	1.0
1318	10000	2	6e-06	0.000204	1.0
1319	10000	1	5e-06	0.000102	1.0
1320	10000	1	5e-06	0.000102	1.0
1321	10000	1	5e-06	0.000102	1.0
1322	10000	1	4e-06	0.000102	1.0
1323	10000	1	4e-06	0.000102	1.0
1324	10000	1	4e-06	0.000102	1.0
1325	10000	1	4e-06	0.000102	1.0
1326	10000	1	5e-06	0.000102	1.0
1327	10000	1	7e-06	0.000102	1.0
1328	10000	1	7e-06	0.000102	1.0
1329	10000	1	8e-06	0.000102	1.0
1330	10000	1	9e-06	0.000102	1.0
1331	10000	1	7e-06	0.000102	1.0
1332	10000	1	6e-06	0.000102	1.0
1333	10000	1	6e-06	0.000102	1.0
1334	10000	2	7e-06	0.000204	1.0
1335	10000	2	6e-06	0.000204	1.0
1336	10000	2	6e-06	0.000204	1.0
1337	10000	2	6e-06	0.000204	1.0
1338	10000	2	5e-06	0.000204	1.0
1339	10000	2	5e-06	0.000204	1.0
1340	10000	2	4e-06	0.000204	1.0
1341	10000	2	2e-06	0.000204	1.0
1342	10000	1	2e-06	0.000102	1.0
1343	10000	1	1e-06	0.000102	1.0
1344	10000	1	1e-06	0.000102	1.0
1345	10000	1	1e-06	0.000102	1.0
1346	10000	2	1e-06	0.000204	1.0
1347	10000	1	2e-06	0.000102	1.0
1348	10000	1	2e-06	0.000102	1.0
1349	10000	1	1e-06	0.000102	1.0
1350	10000	1	1e-06	0.000102	1.0
1351	10000	1	0.0	0.000102	1.0
1352	10000	0	0.0	0.0	1.0
1353	10000	0	0.0	0.0	1.0
1354	10000	0	0.0	0.0	1.0
1355	10000	0	0.0	0.0	1.0
1356	10000	0	0.0	0.0	1.0
1357	10000	0	0.0	0.0	1.0
1358	10000	0	0.0	0.0	1.0
1359	10000	0	0.0	0.0	1.0
1360	10000	0	0.0	0.0	1.0
1361	10000	0	0.0	0.0	1.0
1362	10000	0	0.0	0.0	1.0
1363	10000	0	0.0	0.0	1.0
1364	10000	0	0.0	0.0	1.0
1365	10000	0	0.0	0.0	1.0
1366	10000	0	0.0	0.0	1.0
1367	10000	1	0.0	0.000102	1.0
1368	10000	0	0.0	0.0	1.0
1369	10000	0	0.0	0.0	1.0
1370	10000	1	0.0	0.000102	1.0
1371	10000	0	0.0	0.0	1.0
1372	10000	0	0.0	0.0	1.0
1373	10000	0	0.0	0.0	1.0
1374	10000	0	0.0	0.0	1.0
1375	10000	0	0.0	0.0	1.0
1376	10000	0	0.0	0.0	1.0
1377	10000	0	0.0	0.0	1.0
1378	10000	0	0.0	0.0	1.0
1379	10000	0	0.0	0.0	1.0
1380	10000	1	0.0	0.000102	1.0
1381	10000	0	0.0	0.0	1.0
1382	10000	0	0.0	0.0	1.0
1383	10000	0	0.0	0.0	1.0
1384	10000	0	0.0	0.0	1.0
1385	10000	0	0.0	0.0	1.0
1386	10000	0	0.0	0.0	1.0
1387	10000	0	0.0	0.0	1.0
1388	10000	0	0.0	0.0	1.0
1389	10000	0	0.0	0.0	1.0
1390	10000	1	0.0	0.000102	1.0
1391	10000	1	0.0	0.000102	1.0
1392	10000	0	0.0	0.0	1.0
1393	10000	0	0.0	0.0	1.0
1394	10000	0	0.0	0.0	1.0
1395	10000	0	0.0	0.0	1.0
1396	10000	0	0.0	0.0	1.0
1397	10000	0	0.0	0.0	1.0
1398	10000	0	0.0	0.0	1.0
1399	10000	0	0.0	0.0	1.0
1400	10000	0	0.0	0.0	1.0
1401	10000	0	0.0	0.0	1.0
1402	10000	0	0.0	0.0	1.0
1403	10000	0	0.0	0.0	1.0
1404	10000	0	0.0	0.0	1.0
1405	10000	0	0.0	0.0	1.0
1406	10000	0	0.0	0.0	1.0
1407	10000	0	0.0	0.0	1.0
1408	10000	0	0.0	0.0	1.0
1409	10000	0	0.0	0.0	1.0
1410	10000	0	0.0	0.0	1.0
1411	10000	0	0.0	0.0	1.0
1412	10000	0	0.0	0.0	1.0
1413	10000	0	0.0	0.0	1.0
1414	10000	0	0.0	0.0	1.0
1415	10000	0	0.0	0.0	1.0
1416	10000	0	0.0	0.0	1.0
1417	10000	0	0.0	0.0	1.0
1418	10000	0	0.0	0.0	1.0
1419	10000	0	0.0	0.0	1.0
1420	10000	0	0.0	0.0	1.0
1421	10000	0	0.0	0.0	1.0
1422	10000	0	0.0	0.0	1.0
1423	10000	0	0.0	0.0	1.0
1424	10000	0	0.0	0.0	1.0
1425	10000	0	0.0	0.0	1.0
1426	10000	0	0.0	0.0	1.0
1427	10000	0	0.0	0.0	1.0
1428	10000	1	0.0	0.000102	1.0
1429	10000	1	0.0	0.000102	1.0
1430	10000	1	0.0	0.000102	1.0
1431	10000	3	1e-06	0.000307	1.0
1432	10000	2	1e-06	0.000204	1.0
1433	10000	2	1e-06	0.000204	1.0
1434	10000	2	1e-06	0.000204	1.0
1435	10000	2	1e-06	0.000204	1.0
1436	10000	1	0.0	0.000102	1.0
1437	10000	0	0.0	0.0	1.0
1438	10000	0	0.0	0.0	1.0
1439	10000	0	0.0	0.0	1.0
1440	10000	0	0.0	0.0	1.0
1441	10000	0	0.0	0.0	1.0
1442	10000	0	0.0	0.0	1.0
1443	10000	0	0.0	0.0	1.0
1444	10000	0	0.0	0.0	1.0
1445	10000	0	0.0	0.0	1.0
1446	10000	0	0.0	0.0	1.0
1447	10000	0	0.0	0.0	1.0
1448	10000	0	0.0	0.0	1.0
1449	10000	0	0.0	0.0	1.0
1450	10000	0	0.0	0.0	1.0
1451	10000	0	0.0	0.0	1.0
1452	10000	0	0.0	0.0	1.0
1453	10000	0	0.0	0.0	1.0
1454	10000	0	0.0	0.0	1.0
1455	10000	1	0.0	0.000102	1.0
1456	10000	1	0.0	0.000102	1.0
1457	10000	1	1e-06	0.000102	1.0
1458	10000	1	0.0	0.000102	1.0
1459	10000	1	0.0	0.000102	1.0
1460	10000	1	0.0	0.000102	1.0
1461	10000	1	0.0	0.000102	1.0
1462	10000	1	1e-06	0.000102	1.0
1463	10000	1	1e-06	0.000102	1.0
1464	10000	2	1e-06	0.000204	1.0
1465	10000	2	1e-06	0.000204	1.0
1466	10000	1	1e-06	0.000102	1.0
1467	10000	1	0.0	0.000102	1.0
1468	10000	0	0.0	0.0	1.0
1469	10000	0	0.0	0.0	1.0
1470	10000	0	0.0	0.0	1.0
1471	10000	0	0.0	0.0	1.0
1472	10000	0	0.0	0.0	1.0
1473	10000	0	0.0	0.0	1.0
1474	10000	0	0.0	0.0	1.0
1475	10000	0	0.0	0.0	1.0
1476	10000	0	0.0	0.0	1.0
1477	10000	0	0.0	0.0	1.0
1478	10000	0	0.0	0.0	1.0
1479	10000	0	0.0	0.0	1.0
1480	10000	0	0.0	0.0	1.0
1481	10000	0	0.0	0.0	1.0
1482	10000	0	0.0	0.0	1.0
1483	10000	1	0.0	0.000102	1.0
1484	10000	1	0.0	0.000102	1.0
1485	10000	1	0.0	0.000102	1.0
1486	10000	1	0.0	0.000102	1.0
1487	10000	1	0.0	0.000102	1.0
1488	10000	0	0.0	0.0	1.0
1489	10000	0	0.0	0.0	1.0
1490	10000	0	0.0	0.0	1.0
1491	10000	0	0.0	0.0	1.0
1492	10000	0	0.0	0.0	1.0
1493	10000	1	0.0	0.000102	1.0
1494	10000	0	0.0	0.0	1.0
1495	10000	0	0.0	0.0	1.0
1496	10000	0	0.0	0.0	1.0
1497	10000	0	0.0	0.0	1.0
1498	10000	0	0.0	0.0	1.0
1499	10000	0	0.0	0.0	1.0
